<?xml version='1.0' encoding='UTF-8'?>
<?artifactRepository version='1.1.0'?>
<repository name='file:/Users/dmitriykuznetsov/AnypointStudio/workspace60/mule400/target/update-site/ - artifacts' type='org.eclipse.equinox.p2.artifact.repository.simpleRepository' version='1.0.0'>
  <properties size='2'>
    <property name='p2.timestamp' value='1506973967634'/>
    <property name='p2.compressed' value='false'/>
  </properties>
  <mappings size='3'>
    <rule filter='(&amp; (classifier=osgi.bundle))' output='${repoUrl}/plugins/${id}_${version}.jar'/>
    <rule filter='(&amp; (classifier=binary))' output='${repoUrl}/binary/${id}_${version}'/>
    <rule filter='(&amp; (classifier=org.eclipse.update.feature))' output='${repoUrl}/features/${id}_${version}.jar'/>
  </mappings>
  <artifacts size='2'>
    <artifact classifier='org.eclipse.update.feature' id='org.mule.tooling.ui.extension.as400-connector.3.5.0' version='1.0.2.201710021552'>
      <properties size='4'>
        <property name='artifact.size' value='7550'/>
        <property name='download.size' value='7550'/>
        <property name='download.md5' value='9741abf25f064cc01f6be222d7b7dd0d'/>
        <property name='download.contentType' value='application/zip'/>
      </properties>
    </artifact>
    <artifact classifier='osgi.bundle' id='org.mule.tooling.ui.contribution.as400.3.5.0' version='1.0.2.201710021552'>
      <properties size='3'>
        <property name='artifact.size' value='5145927'/>
        <property name='download.size' value='5145927'/>
        <property name='download.md5' value='48f6a7642d4d8c78aa4d50d8ffbea29e'/>
      </properties>
    </artifact>
  </artifacts>
</repository>
